id,title__en,description__en,icon,tags,props__url,props__scheme,props__osi_approved
0bsd,BSD Zero Clause License,,,"all,software",https://opensource.org/license/0bsd,spdx,y
aal,Attribution Assurance License,,,"all,software",https://opensource.org/license/attribution-php,spdx,y
adsl,Amazon Digital Services License,,,all,https://spdx.org/licenses/ADSL,spdx,
afl-1.1,Academic Free License v1.1,,,"all,software",https://spdx.org/licenses/AFL-1.1,spdx,y
afl-1.2,Academic Free License v1.2,,,"all,software",https://spdx.org/licenses/AFL-1.2,spdx,y
afl-2.0,Academic Free License v2.0,,,"all,software",https://spdx.org/licenses/AFL-2.0,spdx,y
afl-2.1,Academic Free License v2.1,,,"all,software",https://spdx.org/licenses/AFL-2.1,spdx,y
afl-3.0,Academic Free License v3.0,,,"all,software",https://opensource.org/license/afl-3-0-php,spdx,y
agpl-1.0-only,Affero General Public License v1.0 only,,,"all,software",https://spdx.org/licenses/AGPL-1.0-only,spdx,
agpl-1.0-or-later,Affero General Public License v1.0 or later,,,"all,software",https://spdx.org/licenses/AGPL-1.0-or-later,spdx,
agpl-3.0-only,GNU Affero General Public License v3.0 only,,,"all,software",https://opensource.org/license/agpl-v3,spdx,y
agpl-3.0-or-later,GNU Affero General Public License v3.0 or later,,,"all,software",https://spdx.org/licenses/AGPL-3.0-or-later,spdx,y
amdplpa,AMD's plpa_map.c License,,,all,https://spdx.org/licenses/AMDPLPA,spdx,
aml,Apple MIT License,,,"all,software",https://spdx.org/licenses/AML,spdx,
ampas,Academy of Motion Picture Arts and Sciences BSD,,,all,https://spdx.org/licenses/AMPAS,spdx,
antlr-pd,ANTLR Software Rights Notice,,,"all,software",https://spdx.org/licenses/ANTLR-PD,spdx,
antlr-pd-fallback,ANTLR Software Rights Notice with license fallback,,,"all,software",https://spdx.org/licenses/ANTLR-PD-fallback,spdx,
apafml,Adobe Postscript AFM License,,,all,https://spdx.org/licenses/APAFML,spdx,
apl-1.0,Adaptive Public License 1.0,,,"all,software",https://opensource.org/license/apl1-0-php,spdx,y
apsl-1.0,Apple Public Source License 1.0,,,"all,software",https://spdx.org/licenses/APSL-1.0,spdx,y
apsl-1.1,Apple Public Source License 1.1,,,"all,software",https://spdx.org/licenses/APSL-1.1,spdx,y
apsl-1.2,Apple Public Source License 1.2,,,"all,software",https://spdx.org/licenses/APSL-1.2,spdx,y
apsl-2.0,Apple Public Source License 2.0,,,"all,software",https://opensource.org/license/apsl-2-0,spdx,y
abstyles,Abstyles License,,,all,https://spdx.org/licenses/Abstyles,spdx,
adobe-2006,Adobe Systems Incorporated Source Code License Agreement,,,"all,software",https://spdx.org/licenses/Adobe-2006,spdx,
adobe-glyph,Adobe Glyph List License,,,all,https://spdx.org/licenses/Adobe-Glyph,spdx,
afmparse,Afmparse License,,,all,https://spdx.org/licenses/Afmparse,spdx,
aladdin,Aladdin Free Public License,,,all,https://spdx.org/licenses/Aladdin,spdx,
apache-1.0,Apache License 1.0,,,"all,software",https://spdx.org/licenses/Apache-1.0,spdx,
apache-1.1,Apache License 1.1,,,"all,software",https://opensource.org/license/apache-1-1,spdx,y
apache-2.0,Apache License 2.0,"A permissive license whose main conditions require preservation of copyright and license notices. Contributors provide an express grant of patent rights. Licensed works, modifications, and larger works may be distributed under different terms and without source code.",,"recommended,all,software",https://opensource.org/license/apache-2-0,spdx,y
artistic-1.0,Artistic License 1.0,,,"all,software",https://opensource.org/license/artistic-1-0,spdx,y
artistic-1.0-perl,Artistic License 1.0 (Perl),,,"all,software",https://opensource.org/license/artistic-perl-1-0-2,spdx,y
artistic-1.0-cl8,Artistic License 1.0 w/clause 8,,,"all,software",https://spdx.org/licenses/Artistic-1.0-cl8,spdx,y
artistic-2.0,Artistic License 2.0,,,"all,software",https://opensource.org/license/artistic-2-0,spdx,y
bsd-1-clause,BSD 1-Clause License,,,"all,software",https://opensource.org/license/bsd-1-clause,spdx,y
bsd-2-clause,"BSD 2-Clause ""Simplified"" License",,,"all,software",https://opensource.org/license/bsd-2-clause,spdx,y
bsd-2-clause-patent,BSD-2-Clause Plus Patent License,,,"all,software",https://opensource.org/license/bsdpluspatent,spdx,y
bsd-2-clause-views,BSD 2-Clause with views sentence,,,"all,software",https://spdx.org/licenses/BSD-2-Clause-Views,spdx,
bsd-3-clause,"BSD 3-Clause ""New"" or ""Revised"" License",,,"all,software",https://opensource.org/license/bsd-3-clause,spdx,y
bsd-3-clause-attribution,BSD with attribution,,,"all,software",https://spdx.org/licenses/BSD-3-Clause-Attribution,spdx,
bsd-3-clause-clear,BSD 3-Clause Clear License,,,"all,software",https://spdx.org/licenses/BSD-3-Clause-Clear,spdx,
bsd-3-clause-lbnl,Lawrence Berkeley National Labs BSD variant license,,,"all,software",https://opensource.org/license/bsd-3-clause-lbnl,spdx,y
bsd-3-clause-no-nuclear-license,BSD 3-Clause No Nuclear License,,,"all,software",https://spdx.org/licenses/BSD-3-Clause-No-Nuclear-License,spdx,
bsd-3-clause-no-nuclear-license-2014,BSD 3-Clause No Nuclear License 2014,,,"all,software",https://spdx.org/licenses/BSD-3-Clause-No-Nuclear-License-2014,spdx,
bsd-3-clause-no-nuclear-warranty,BSD 3-Clause No Nuclear Warranty,,,"all,software",https://spdx.org/licenses/BSD-3-Clause-No-Nuclear-Warranty,spdx,
bsd-3-clause-open-mpi,BSD 3-Clause Open MPI variant,,,"all,software",https://spdx.org/licenses/BSD-3-Clause-Open-MPI,spdx,
bsd-4-clause,"BSD 4-Clause ""Original"" or ""Old"" License",,,"all,software",https://spdx.org/licenses/BSD-4-Clause,spdx,
bsd-4-clause-uc,BSD-4-Clause (University of California-Specific),,,"all,software",https://spdx.org/licenses/BSD-4-Clause-UC,spdx,
bsd-protection,BSD Protection License,,,"all,software",https://spdx.org/licenses/BSD-Protection,spdx,
bsd-source-code,BSD Source Code Attribution,,,"all,software",https://spdx.org/licenses/BSD-Source-Code,spdx,
bsl-1.0,Boost Software License 1.0,,,"all,software",https://opensource.org/license/bsl-1-0,spdx,y
busl-1.1,Business Source License 1.1,,,all,https://spdx.org/licenses/BUSL-1.1,spdx,
bahyph,Bahyph License,,,all,https://spdx.org/licenses/Bahyph,spdx,
barr,Barr License,,,all,https://spdx.org/licenses/Barr,spdx,
beerware,Beerware License,,,all,https://spdx.org/licenses/Beerware,spdx,
bittorrent-1.0,BitTorrent Open Source License v1.0,,,"all,software",https://spdx.org/licenses/BitTorrent-1.0,spdx,
bittorrent-1.1,BitTorrent Open Source License v1.1,,,"all,software",https://spdx.org/licenses/BitTorrent-1.1,spdx,
blueoak-1.0.0,Blue Oak Model License 1.0.0,,,all,https://spdx.org/licenses/BlueOak-1.0.0,spdx,
borceux,Borceux license,,,all,https://spdx.org/licenses/Borceux,spdx,
cal-1.0,Cryptographic Autonomy License 1.0,,,all,https://opensource.org/license/cal-1-0,spdx,y
cal-1.0-combined-work-exception,Cryptographic Autonomy License 1.0 (Combined Work Exception),,,all,https://spdx.org/licenses/CAL-1.0-Combined-Work-Exception,spdx,y
catosl-1.1,Computer Associates Trusted Open Source License 1.1,,,"all,software",https://opensource.org/license/ca-tosl1-1-php,spdx,y
cc-by-1.0,Creative Commons Attribution 1.0 Generic,,cc-by-icon,"all,data",https://creativecommons.org/licenses/by/1.0/,spdx,
cc-by-2.0,Creative Commons Attribution 2.0 Generic,,cc-by-icon,"all,data",https://creativecommons.org/licenses/by/2.0/,spdx,
cc-by-2.5,Creative Commons Attribution 2.5 Generic,,cc-by-icon,"all,data",https://creativecommons.org/licenses/by/2.5/,spdx,
cc-by-3.0,Creative Commons Attribution 3.0 Unported,,cc-by-icon,"all,data",https://creativecommons.org/licenses/by/3.0/,spdx,
cc-by-3.0-at,Creative Commons Attribution 3.0 Austria,,cc-by-icon,"all,data",https://creativecommons.org/licenses/by/3.0/at/,spdx,
cc-by-3.0-us,Creative Commons Attribution 3.0 United States,,cc-by-icon,"all,data",https://creativecommons.org/licenses/by/3.0/us/,spdx,
cc-by-4.0,Creative Commons Attribution 4.0 International,The Creative Commons Attribution license allows re-distribution and re-use of a licensed work on the condition that the creator is appropriately credited.,cc-by-icon,"recommended,all,data",https://creativecommons.org/licenses/by/4.0/,spdx,
cc-by-nc-1.0,Creative Commons Attribution Non Commercial 1.0 Generic,,cc-by-nc-icon,"all,data",https://creativecommons.org/licenses/by-nc/1.0/,spdx,
cc-by-nc-2.0,Creative Commons Attribution Non Commercial 2.0 Generic,,cc-by-nc-icon,"all,data",https://creativecommons.org/licenses/by-nc/2.0/,spdx,
cc-by-nc-2.5,Creative Commons Attribution Non Commercial 2.5 Generic,,cc-by-nc-icon,"all,data",https://creativecommons.org/licenses/by-nc/2.5/,spdx,
cc-by-nc-3.0,Creative Commons Attribution Non Commercial 3.0 Unported,,cc-by-nc-icon,"all,data",https://creativecommons.org/licenses/by-nc/3.0/,spdx,
cc-by-nc-4.0,Creative Commons Attribution Non Commercial 4.0 International,,cc-by-nc-icon,"all,data",https://creativecommons.org/licenses/by-nc/4.0/,spdx,
cc-by-nc-nd-1.0,Creative Commons Attribution Non Commercial No Derivatives 1.0 Generic,,cc-by-nc-nd-icon,"all,data",https://creativecommons.org/licenses/by-nd-nc/1.0/,spdx,
cc-by-nc-nd-2.0,Creative Commons Attribution Non Commercial No Derivatives 2.0 Generic,,cc-by-nc-nd-icon,"all,data",https://creativecommons.org/licenses/by-nc-nd/2.0/,spdx,
cc-by-nc-nd-2.5,Creative Commons Attribution Non Commercial No Derivatives 2.5 Generic,,cc-by-nc-nd-icon,"all,data",https://creativecommons.org/licenses/by-nc-nd/2.5/,spdx,
cc-by-nc-nd-3.0,Creative Commons Attribution Non Commercial No Derivatives 3.0 Unported,,cc-by-nc-nd-icon,"all,data",https://creativecommons.org/licenses/by-nc-nd/3.0/,spdx,
cc-by-nc-nd-3.0-igo,Creative Commons Attribution Non Commercial No Derivatives 3.0 IGO,,cc-by-nc-nd-icon,"all,data",https://creativecommons.org/licenses/by-nc-nd/3.0/igo/,spdx,
cc-by-nc-nd-4.0,Creative Commons Attribution Non Commercial No Derivatives 4.0 International,,cc-by-nc-nd-icon,"all,data",https://creativecommons.org/licenses/by-nc-nd/4.0/,spdx,
cc-by-nc-sa-1.0,Creative Commons Attribution Non Commercial Share Alike 1.0 Generic,,cc-by-nc-sa-icon,"all,data",https://creativecommons.org/licenses/by-nc-sa/1.0/,spdx,
cc-by-nc-sa-2.0,Creative Commons Attribution Non Commercial Share Alike 2.0 Generic,,cc-by-nc-sa-icon,"all,data",https://creativecommons.org/licenses/by-nc-sa/2.0/,spdx,
cc-by-nc-sa-2.5,Creative Commons Attribution Non Commercial Share Alike 2.5 Generic,,cc-by-nc-sa-icon,"all,data",https://creativecommons.org/licenses/by-nc-sa/2.5/,spdx,
cc-by-nc-sa-3.0,Creative Commons Attribution Non Commercial Share Alike 3.0 Unported,,cc-by-nc-sa-icon,"all,data",https://creativecommons.org/licenses/by-nc-sa/3.0/,spdx,
cc-by-nc-sa-4.0,Creative Commons Attribution Non Commercial Share Alike 4.0 International,,cc-by-nc-sa-icon,"all,data",https://creativecommons.org/licenses/by-nc-sa/4.0/,spdx,
cc-by-nd-1.0,Creative Commons Attribution No Derivatives 1.0 Generic,,cc-by-nd-icon,"all,data",https://creativecommons.org/licenses/by-nd/1.0/,spdx,
cc-by-nd-2.0,Creative Commons Attribution No Derivatives 2.0 Generic,,cc-by-nd-icon,"all,data",https://creativecommons.org/licenses/by-nd/2.0/,spdx,
cc-by-nd-2.5,Creative Commons Attribution No Derivatives 2.5 Generic,,cc-by-nd-icon,"all,data",https://creativecommons.org/licenses/by-nd/2.5/,spdx,
cc-by-nd-3.0,Creative Commons Attribution No Derivatives 3.0 Unported,,cc-by-nd-icon,"all,data",https://creativecommons.org/licenses/by-nd/3.0/,spdx,
cc-by-nd-4.0,Creative Commons Attribution No Derivatives 4.0 International,,cc-by-nd-icon,"all,data",https://creativecommons.org/licenses/by-nd/4.0/,spdx,
cc-by-sa-1.0,Creative Commons Attribution Share Alike 1.0 Generic,,cc-by-sa-icon,"all,data",https://creativecommons.org/licenses/by-sa/1.0/,spdx,
cc-by-sa-2.0,Creative Commons Attribution Share Alike 2.0 Generic,,cc-by-sa-icon,"all,data",https://creativecommons.org/licenses/by-sa/2.0/,spdx,
cc-by-sa-2.0-uk,Creative Commons Attribution Share Alike 2.0 England and Wales,,,"all,data",https://creativecommons.org/licenses/by-sa/2.0/uk/,spdx,
cc-by-sa-2.5,Creative Commons Attribution Share Alike 2.5 Generic,,cc-by-sa-icon,"all,data",https://creativecommons.org/licenses/by-sa/2.5/,spdx,
cc-by-sa-3.0,Creative Commons Attribution Share Alike 3.0 Unported,,cc-by-sa-icon,"all,data",https://creativecommons.org/licenses/by-sa/3.0/,spdx,
cc-by-sa-3.0-at,Creative Commons Attribution-Share Alike 3.0 Austria,,cc-by-sa-icon,"all,data",https://creativecommons.org/licenses/by-sa/3.0/at/,spdx,
cc-by-sa-4.0,Creative Commons Attribution Share Alike 4.0 International,Permits almost any use subject to providing credit and license notice. Frequently used for media assets and educational materials. The most common license for Open Access scientific publications. Not recommended for software.,cc-by-sa-icon,"recommended,all,data",https://creativecommons.org/licenses/by-sa/4.0/,spdx,
cc-pddc,Creative Commons Public Domain Dedication and Certification,,cc-pddc-icon,all,https://creativecommons.org/licenses/publicdomain/,spdx,
cc0-1.0,Creative Commons Zero v1.0 Universal,CC0 waives copyright interest in a work you've created and dedicates it to the world-wide public domain. Use CC0 to opt out of copyright entirely and ensure your work has the widest reach.,cc-cc0-icon,"recommended,all,data,software",https://creativecommons.org/publicdomain/zero/1.0/,spdx,
cddl-1.0,Common Development and Distribution License 1.0,,,"all,software",https://opensource.org/license/cddl-1-0,spdx,y
cddl-1.1,Common Development and Distribution License 1.1,,,"all,software",https://spdx.org/licenses/CDDL-1.1,spdx,
cdla-permissive-1.0,Community Data License Agreement Permissive 1.0,,,"all,data",https://spdx.org/licenses/CDLA-Permissive-1.0,spdx,
cdla-sharing-1.0,Community Data License Agreement Sharing 1.0,,,"all,data",https://spdx.org/licenses/CDLA-Sharing-1.0,spdx,
cecill-1.0,CeCILL Free Software License Agreement v1.0,,,"all,software",https://spdx.org/licenses/CECILL-1.0,spdx,
cecill-1.1,CeCILL Free Software License Agreement v1.1,,,"all,software",https://spdx.org/licenses/CECILL-1.1,spdx,
cecill-2.0,CeCILL Free Software License Agreement v2.0,,,"all,software",https://spdx.org/licenses/CECILL-2.0,spdx,
cecill-2.1,CeCILL Free Software License Agreement v2.1,,,"all,software",https://opensource.org/license/cecill-2-1,spdx,y
cecill-b,CeCILL-B Free Software License Agreement,,,"all,software",https://spdx.org/licenses/CECILL-B,spdx,
cecill-c,CeCILL-C Free Software License Agreement,,,"all,software",https://spdx.org/licenses/CECILL-C,spdx,
cern-ohl-1.1,CERN Open Hardware Licence v1.1,,,all,https://spdx.org/licenses/CERN-OHL-1.1,spdx,
cern-ohl-1.2,CERN Open Hardware Licence v1.2,,,all,https://spdx.org/licenses/CERN-OHL-1.2,spdx,
cern-ohl-p-2.0,CERN Open Hardware Licence Version 2 - Permissive,,,all,https://opensource.org/license/cern-ohl-p,spdx,y
cern-ohl-s-2.0,CERN Open Hardware Licence Version 2 - Strongly Reciprocal,,,all,https://opensource.org/license/cern-ohl-s,spdx,y
cern-ohl-w-2.0,CERN Open Hardware Licence Version 2 - Weakly Reciprocal,,,all,https://opensource.org/license/cern-ohl-w,spdx,y
cnri-jython,CNRI Jython License,,,"all,software",https://spdx.org/licenses/CNRI-Jython,spdx,
cnri-python,CNRI Python License,,,"all,software",https://opensource.org/license/cnri-python,spdx,y
cnri-python-gpl-compatible,CNRI Python Open Source GPL Compatible License Agreement,,,"all,software",https://spdx.org/licenses/CNRI-Python-GPL-Compatible,spdx,
cpal-1.0,Common Public Attribution License 1.0,,,"all,software",https://opensource.org/license/cpal_1-0,spdx,y
cpl-1.0,Common Public License 1.0,,,all,https://opensource.org/license/cpl1-0-txt,spdx,y
cpol-1.02,Code Project Open License 1.02,,,all,https://spdx.org/licenses/CPOL-1.02,spdx,
cua-opl-1.0,CUA Office Public License v1.0,,,"all,software",https://opensource.org/license/cuaoffice-php,spdx,y
caldera,Caldera License,,,all,https://spdx.org/licenses/Caldera,spdx,
clartistic,Clarified Artistic License,,,all,https://spdx.org/licenses/ClArtistic,spdx,
condor-1.1,Condor Public License v1.1,,,all,https://spdx.org/licenses/Condor-1.1,spdx,
crossword,Crossword License,,,all,https://spdx.org/licenses/Crossword,spdx,
crystalstacker,CrystalStacker License,,,all,https://spdx.org/licenses/CrystalStacker,spdx,
cube,Cube License,,,all,https://spdx.org/licenses/Cube,spdx,
d-fsl-1.0,Deutsche Freie Software Lizenz,,,"all,software",https://spdx.org/licenses/D-FSL-1.0,spdx,
doc,DOC License,,,all,https://spdx.org/licenses/DOC,spdx,
dsdp,DSDP License,,,all,https://spdx.org/licenses/DSDP,spdx,
dotseqn,Dotseqn License,,,all,https://spdx.org/licenses/Dotseqn,spdx,
ecl-1.0,Educational Community License v1.0,,,"all,software",https://opensource.org/license/ecl-1-0,spdx,y
ecl-2.0,Educational Community License v2.0,,,"all,software",https://opensource.org/license/ecl-2-0,spdx,y
efl-1.0,Eiffel Forum License v1.0,,,"all,software",https://opensource.org/license/efl-1-0,spdx,y
efl-2.0,Eiffel Forum License v2.0,,,"all,software",https://opensource.org/license/ver2_eiffel-php,spdx,y
epics,EPICS Open License,,,all,https://spdx.org/licenses/EPICS,spdx,
epl-1.0,Eclipse Public License 1.0,,,"all,software",https://opensource.org/license/epl-1-0,spdx,y
epl-2.0,Eclipse Public License 2.0,,,"all,software",https://opensource.org/license/epl-2-0,spdx,y
eudatagrid,EU DataGrid Software License,,,"all,software",https://opensource.org/license/eudatagrid-php,spdx,y
eupl-1.0,European Union Public License 1.0,,,"all,sofware",https://spdx.org/licenses/EUPL-1.0,spdx,
eupl-1.1,European Union Public License 1.1,,,"all,software",https://opensource.org/license/eupl-1-1,spdx,y
eupl-1.2,European Union Public License 1.2,,,"all,software",https://opensource.org/license/eupl-1-2,spdx,y
entessa,Entessa Public License v1.0,,,"all,software",https://opensource.org/license/entessa,spdx,y
erlpl-1.1,Erlang Public License v1.1,,,all,https://spdx.org/licenses/ErlPL-1.1,spdx,
eurosym,Eurosym License,,,all,https://spdx.org/licenses/Eurosym,spdx,
fsfap,FSF All Permissive License,,,all,https://spdx.org/licenses/FSFAP,spdx,
fsful,FSF Unlimited License,,,all,https://spdx.org/licenses/FSFUL,spdx,
fsfullr,FSF Unlimited License (with License Retention),,,all,https://spdx.org/licenses/FSFULLR,spdx,
ftl,Freetype Project License,,,all,https://spdx.org/licenses/FTL,spdx,
fair,Fair License,,,"all,software",https://opensource.org/license/fair,spdx,y
frameworx-1.0,Frameworx Open License 1.0,,,"all,software",https://opensource.org/license/frameworx-php,spdx,y
freeimage,FreeImage Public License v1.0,,,all,https://spdx.org/licenses/FreeImage,spdx,
gfdl-1.1-invariants-only,GNU Free Documentation License v1.1 only - invariants,,,all,https://spdx.org/licenses/GFDL-1.1-invariants-only,spdx,
gfdl-1.1-invariants-or-later,GNU Free Documentation License v1.1 or later - invariants,,,all,https://spdx.org/licenses/GFDL-1.1-invariants-or-later,spdx,
gfdl-1.1-no-invariants-only,GNU Free Documentation License v1.1 only - no invariants,,,all,https://spdx.org/licenses/GFDL-1.1-no-invariants-only,spdx,
gfdl-1.1-no-invariants-or-later,GNU Free Documentation License v1.1 or later - no invariants,,,all,https://spdx.org/licenses/GFDL-1.1-no-invariants-or-later,spdx,
gfdl-1.1-only,GNU Free Documentation License v1.1 only,,,all,https://spdx.org/licenses/GFDL-1.1-only,spdx,
gfdl-1.1-or-later,GNU Free Documentation License v1.1 or later,,,all,https://spdx.org/licenses/GFDL-1.1-or-later,spdx,
gfdl-1.2-invariants-only,GNU Free Documentation License v1.2 only - invariants,,,all,https://spdx.org/licenses/GFDL-1.2-invariants-only,spdx,
gfdl-1.2-invariants-or-later,GNU Free Documentation License v1.2 or later - invariants,,,all,https://spdx.org/licenses/GFDL-1.2-invariants-or-later,spdx,
gfdl-1.2-no-invariants-only,GNU Free Documentation License v1.2 only - no invariants,,,all,https://spdx.org/licenses/GFDL-1.2-no-invariants-only,spdx,
gfdl-1.2-no-invariants-or-later,GNU Free Documentation License v1.2 or later - no invariants,,,all,https://spdx.org/licenses/GFDL-1.2-no-invariants-or-later,spdx,
gfdl-1.2-only,GNU Free Documentation License v1.2 only,,,all,https://spdx.org/licenses/GFDL-1.2-only,spdx,
gfdl-1.2-or-later,GNU Free Documentation License v1.2 or later,,,all,https://spdx.org/licenses/GFDL-1.2-or-later,spdx,
gfdl-1.3-invariants-only,GNU Free Documentation License v1.3 only - invariants,,,all,https://spdx.org/licenses/GFDL-1.3-invariants-only,spdx,
gfdl-1.3-invariants-or-later,GNU Free Documentation License v1.3 or later - invariants,,,all,https://spdx.org/licenses/GFDL-1.3-invariants-or-later,spdx,
gfdl-1.3-no-invariants-only,GNU Free Documentation License v1.3 only - no invariants,,,all,https://spdx.org/licenses/GFDL-1.3-no-invariants-only,spdx,
gfdl-1.3-no-invariants-or-later,GNU Free Documentation License v1.3 or later - no invariants,,,all,https://spdx.org/licenses/GFDL-1.3-no-invariants-or-later,spdx,
gfdl-1.3-only,GNU Free Documentation License v1.3 only,,,all,https://spdx.org/licenses/GFDL-1.3-only,spdx,
gfdl-1.3-or-later,GNU Free Documentation License v1.3 or later,,,all,https://spdx.org/licenses/GFDL-1.3-or-later,spdx,
gl2ps,GL2PS License,,,all,https://spdx.org/licenses/GL2PS,spdx,
glwtpl,Good Luck With That Public License,,,all,https://spdx.org/licenses/GLWTPL,spdx,
gpl-1.0-only,GNU General Public License v1.0 only,,,"all,software",https://opensource.org/license/gpl-1-0,spdx,
gpl-1.0-or-later,GNU General Public License v1.0 or later,,,"all,software",https://spdx.org/licenses/GPL-1.0-or-later,spdx,
gpl-2.0-only,GNU General Public License v2.0 only,,,"all,software",https://opensource.org/license/gpl-2-0,spdx,y
gpl-2.0-or-later,GNU General Public License v2.0 or later,,,"all,software",https://spdx.org/licenses/GPL-2.0-or-later,spdx,y
gpl-3.0-only,GNU General Public License v3.0 only,,,"all,software",https://opensource.org/license/gpl-3-0,spdx,y
gpl-3.0-or-later,GNU General Public License v3.0 or later,"Permissions of this strong copyleft license are conditioned on making available complete source code of licensed works and modifications, which include larger works using a licensed work, under the same license. Copyright and license notices must be preserved. Contributors provide an express grant of patent rights.",,"recommended,all,software",https://spdx.org/licenses/GPL-3.0-or-later,spdx,y
giftware,Giftware License,,,all,https://spdx.org/licenses/Giftware,spdx,
glide,3dfx Glide License,,,all,https://spdx.org/licenses/Glide,spdx,
glulxe,Glulxe License,,,all,https://spdx.org/licenses/Glulxe,spdx,
hpnd,Historical Permission Notice and Disclaimer,,,"all,software",https://opensource.org/license/historical-php,spdx,y
hpnd-sell-variant,Historical Permission Notice and Disclaimer - sell variant,,,"all,software",https://spdx.org/licenses/HPND-sell-variant,spdx,
htmltidy,HTML Tidy License,,,all,https://spdx.org/licenses/HTMLTIDY,spdx,
haskellreport,Haskell Language Report License,,,all,https://spdx.org/licenses/HaskellReport,spdx,
hippocratic-2.1,Hippocratic License 2.1,,,all,https://spdx.org/licenses/Hippocratic-2.1,spdx,
ibm-pibs,IBM PowerPC Initialization and Boot Software,,,"all,software",https://spdx.org/licenses/IBM-pibs,spdx,
icu,ICU License,,,all,https://spdx.org/licenses/ICU,spdx,
ijg,Independent JPEG Group License,,,all,https://spdx.org/licenses/IJG,spdx,
ipa,IPA Font License,,,"all,software",https://opensource.org/license/ipafont-html,spdx,y
ipl-1.0,IBM Public License v1.0,,,"all,software",https://opensource.org/license/ibmpl-php,spdx,y
isc,ISC License,,,"all,software",https://opensource.org/license/isc-license-txt,spdx,y
imagemagick,ImageMagick License,,,all,https://spdx.org/licenses/ImageMagick,spdx,
imlib2,Imlib2 License,,,all,https://spdx.org/licenses/Imlib2,spdx,
info-zip,Info-ZIP License,,,all,https://spdx.org/licenses/Info-ZIP,spdx,
intel,Intel Open Source License,,,"all,software",https://opensource.org/license/intel,spdx,y
intel-acpi,Intel ACPI Software License Agreement,,,"all,software",https://spdx.org/licenses/Intel-ACPI,spdx,
interbase-1.0,Interbase Public License v1.0,,,all,https://spdx.org/licenses/Interbase-1.0,spdx,
jpnic,Japan Network Information Center License,,,all,https://spdx.org/licenses/JPNIC,spdx,
json,JSON License,,,all,https://spdx.org/licenses/JSON,spdx,
jasper-2.0,JasPer License,,,all,https://spdx.org/licenses/JasPer-2.0,spdx,
lal-1.2,Licence Art Libre 1.2,,,all,https://spdx.org/licenses/LAL-1.2,spdx,
lal-1.3,Licence Art Libre 1.3,,,all,https://spdx.org/licenses/LAL-1.3,spdx,
lgpl-2.0-only,GNU Library General Public License v2 only,,,"all,software",https://opensource.org/license/lgpl-2-0,spdx,y
lgpl-2.0-or-later,GNU Library General Public License v2 or later,,,"all,software",https://spdx.org/licenses/LGPL-2.0-or-later,spdx,y
lgpl-2.1-only,GNU Lesser General Public License v2.1 only,,,"all,software",https://opensource.org/license/lgpl-2-1,spdx,y
lgpl-2.1-or-later,GNU Lesser General Public License v2.1 or later,,,"all,software",https://spdx.org/licenses/LGPL-2.1-or-later,spdx,y
lgpl-3.0-only,GNU Lesser General Public License v3.0 only,,,"all,software",https://opensource.org/license/lgpl-3-0,spdx,y
lgpl-3.0-or-later,GNU Lesser General Public License v3.0 or later,"Permissions of this copyleft license are conditioned on making available complete source code of licensed works and modifications under the same license or the GNU GPLv3. Copyright and license notices must be preserved. Contributors provide an express grant of patent rights. However, a larger work using the licensed work through interfaces provided by the licensed work may be distributed under different terms and without source code for the larger work.",,"all,software",https://spdx.org/licenses/LGPL-3.0-or-later,spdx,y
lgpllr,Lesser General Public License For Linguistic Resources,,,"all,software",https://spdx.org/licenses/LGPLLR,spdx,
lpl-1.0,Lucent Public License Version 1.0,,,"all,software",https://opensource.org/license/lpl-1-0,spdx,y
lpl-1.02,Lucent Public License v1.02,,,"all,software",https://opensource.org/license/lucent1-02-php,spdx,y
lppl-1.0,LaTeX Project Public License v1.0,,,"all,software",https://spdx.org/licenses/LPPL-1.0,spdx,
lppl-1.1,LaTeX Project Public License v1.1,,,"all,software",https://spdx.org/licenses/LPPL-1.1,spdx,
lppl-1.2,LaTeX Project Public License v1.2,,,"all,software",https://spdx.org/licenses/LPPL-1.2,spdx,
lppl-1.3a,LaTeX Project Public License v1.3a,,,"all,software",https://spdx.org/licenses/LPPL-1.3a,spdx,
lppl-1.3c,LaTeX Project Public License v1.3c,,,"all,software",https://opensource.org/license/lppl,spdx,y
latex2e,Latex2e License,,,all,https://spdx.org/licenses/Latex2e,spdx,
leptonica,Leptonica License,,,all,https://spdx.org/licenses/Leptonica,spdx,
liliq-p-1.1,Licence Libre du Québec – Permissive version 1.1,,,all,https://opensource.org/license/liliq-p-1-1,spdx,y
liliq-r-1.1,Licence Libre du Québec – Réciprocité version 1.1,,,all,https://opensource.org/license/liliq-r-1-1,spdx,y
liliq-rplus-1.1,Licence Libre du Québec – Réciprocité forte version 1.1,,,all,https://opensource.org/license/liliq-rplus-1-1,spdx,y
libpng,libpng License,,,"all,software",https://spdx.org/licenses/Libpng,spdx,
linux-openib,Linux Kernel Variant of OpenIB.org license,,,all,https://spdx.org/licenses/Linux-OpenIB,spdx,
mit,MIT License,"A short and simple permissive license with conditions only requiring preservation of copyright and license notices. Licensed works, modifications, and larger works may be distributed under different terms and without source code.",,"recommended,all,software",https://opensource.org/license/mit,spdx,y
mit-0,MIT No Attribution,,,"all,software",https://opensource.org/license/mit-0,spdx,y
mit-cmu,CMU License,,,"all,software",https://spdx.org/licenses/MIT-CMU,spdx,
mit-advertising,Enlightenment License (e16),,,"all,software",https://spdx.org/licenses/MIT-advertising,spdx,
mit-enna,enna License,,,"all,software",https://spdx.org/licenses/MIT-enna,spdx,
mit-feh,feh License,,,"all,software",https://spdx.org/licenses/MIT-feh,spdx,
mit-open-group,MIT Open Group variant,,,"all,software",https://spdx.org/licenses/MIT-open-group,spdx,
mitnfa,MIT +no-false-attribs license,,,"all,software",https://spdx.org/licenses/MITNFA,spdx,
mpl-1.0,Mozilla Public License 1.0,,,"all,software",https://opensource.org/license/mpl-1-0,spdx,y
mpl-1.1,Mozilla Public License 1.1,,,"all,software",https://opensource.org/license/mpl-1-1,spdx,y
mpl-2.0,Mozilla Public License 2.0,,,"all,software",https://opensource.org/license/mpl-2-0,spdx,y
mpl-2.0-no-copyleft-exception,Mozilla Public License 2.0 (no copyleft exception),,,"all,software",https://spdx.org/licenses/MPL-2.0-no-copyleft-exception,spdx,y
ms-pl,Microsoft Public License,,,"all,software",https://opensource.org/license/ms-pl-html,spdx,y
ms-rl,Microsoft Reciprocal License,,,"all,software",https://opensource.org/license/ms-rl-html,spdx,y
mtll,Matrix Template Library License,,,all,https://spdx.org/licenses/MTLL,spdx,
makeindex,MakeIndex License,,,all,https://spdx.org/licenses/MakeIndex,spdx,
miros,The MirOS Licence,,,"all,software",https://opensource.org/license/miros-html,spdx,y
motosoto,Motosoto License,,,"all,software",https://opensource.org/license/motosoto,spdx,y
mulanpsl-1.0,"Mulan Permissive Software License, Version 1",,,all,https://spdx.org/licenses/MulanPSL-1.0,spdx,
mulanpsl-2.0,"Mulan Permissive Software License, Version 2",,,all,https://opensource.org/license/mulanpsl-2-0,spdx,y
multics,Multics License,,,"all,software",https://opensource.org/license/multics-txt,spdx,y
mup,Mup License,,,all,https://spdx.org/licenses/Mup,spdx,
nasa-1.3,NASA Open Source Agreement 1.3,,,"all,software",https://opensource.org/license/nasa1-3-php,spdx,y
nbpl-1.0,Net Boolean Public License v1,,,all,https://spdx.org/licenses/NBPL-1.0,spdx,
ncgl-uk-2.0,Non-Commercial Government Licence,,,all,https://spdx.org/licenses/NCGL-UK-2.0,spdx,
ncsa,University of Illinois/NCSA Open Source License,,,"all,software",https://opensource.org/license/uoi-ncsa-php,spdx,y
ngpl,Nethack General Public License,,,"all,software",https://opensource.org/license/nethack,spdx,y
nist-pd,NIST Public Domain Notice,,,all,https://spdx.org/licenses/NIST-PD,spdx,
nist-pd-fallback,NIST Public Domain Notice with license fallback,,,all,https://spdx.org/licenses/NIST-PD-fallback,spdx,
nlod-1.0,Norwegian Licence for Open Government Data,,,all,https://spdx.org/licenses/NLOD-1.0,spdx,
nlpl,No Limit Public License,,,all,https://spdx.org/licenses/NLPL,spdx,
nosl,Netizen Open Source License,,,"all,software",https://spdx.org/licenses/NOSL,spdx,
npl-1.0,Netscape Public License v1.0,,,all,https://spdx.org/licenses/NPL-1.0,spdx,
npl-1.1,Netscape Public License v1.1,,,all,https://spdx.org/licenses/NPL-1.1,spdx,
nposl-3.0,Non-Profit Open Software License 3.0,,,"all,software",https://opensource.org/license/nposl-3-0,spdx,y
nrl,NRL License,,,all,https://spdx.org/licenses/NRL,spdx,
ntp,NTP License,,,"all,software",https://opensource.org/license/ntp-license-php,spdx,y
ntp-0,NTP No Attribution,,,"all,software",https://spdx.org/licenses/NTP-0,spdx,
naumen,Naumen Public License,,,"all,software",https://opensource.org/license/naumen-php,spdx,y
net-snmp,Net-SNMP License,,,all,https://spdx.org/licenses/Net-SNMP,spdx,
netcdf,NetCDF license,,,all,https://spdx.org/licenses/NetCDF,spdx,
newsletr,Newsletr License,,,all,https://spdx.org/licenses/Newsletr,spdx,
nokia,Nokia Open Source License,,,"all,software",https://opensource.org/license/nokia,spdx,y
noweb,Noweb License,,,all,https://spdx.org/licenses/Noweb,spdx,
o-uda-1.0,Open Use of Data Agreement v1.0,,,all,https://spdx.org/licenses/O-UDA-1.0,spdx,
occt-pl,Open CASCADE Technology Public License,,,all,https://spdx.org/licenses/OCCT-PL,spdx,
oclc-2.0,OCLC Research Public License 2.0,,,"all,software",https://opensource.org/license/oclc2-php,spdx,y
odc-by-1.0,Open Data Commons Attribution License v1.0,,,"all,data",https://spdx.org/licenses/ODC-By-1.0,spdx,
odbl-1.0,ODC Open Database License v1.0,,,"all,data",https://spdx.org/licenses/ODbL-1.0,spdx,
ofl-1.0,SIL Open Font License 1.0,,,"all,software",https://spdx.org/licenses/OFL-1.0,spdx,
ofl-1.0-rfn,SIL Open Font License 1.0 with Reserved Font Name,,,"all,software",https://spdx.org/licenses/OFL-1.0-RFN,spdx,
ofl-1.0-no-rfn,SIL Open Font License 1.0 with no Reserved Font Name,,,"all,software",https://spdx.org/licenses/OFL-1.0-no-RFN,spdx,
ofl-1.1,SIL Open Font License 1.1,,,"all,software",https://opensource.org/license/ofl-1-1,spdx,y
ofl-1.1-rfn,SIL Open Font License 1.1 with Reserved Font Name,,,"all,software",https://spdx.org/licenses/OFL-1.1-RFN,spdx,y
ofl-1.1-no-rfn,SIL Open Font License 1.1 with no Reserved Font Name,,,"all,software",https://spdx.org/licenses/OFL-1.1-no-RFN,spdx,y
ogc-1.0,"OGC Software License, Version 1.0",,,"all,software",https://spdx.org/licenses/OGC-1.0,spdx,
ogl-canada-2.0,Open Government Licence - Canada,,,"all,data",https://spdx.org/licenses/OGL-Canada-2.0,spdx,
ogl-uk-1.0,Open Government Licence v1.0,,,"all,data,software",https://spdx.org/licenses/OGL-UK-1.0,spdx,
ogl-uk-2.0,Open Government Licence v2.0,,,"all,data,software",https://spdx.org/licenses/OGL-UK-2.0,spdx,
ogl-uk-3.0,Open Government Licence v3.0,,,"all,data,software",https://spdx.org/licenses/OGL-UK-3.0,spdx,
ogtsl,Open Group Test Suite License,,,"all,software",https://opensource.org/license/opengroup-php,spdx,y
oldap-1.1,Open LDAP Public License v1.1,,,all,https://spdx.org/licenses/OLDAP-1.1,spdx,
oldap-1.2,Open LDAP Public License v1.2,,,all,https://spdx.org/licenses/OLDAP-1.2,spdx,
oldap-1.3,Open LDAP Public License v1.3,,,all,https://spdx.org/licenses/OLDAP-1.3,spdx,
oldap-1.4,Open LDAP Public License v1.4,,,all,https://spdx.org/licenses/OLDAP-1.4,spdx,
oldap-2.0,Open LDAP Public License v2.0 (or possibly 2.0A and 2.0B),,,all,https://spdx.org/licenses/OLDAP-2.0,spdx,
oldap-2.0.1,Open LDAP Public License v2.0.1,,,all,https://spdx.org/licenses/OLDAP-2.0.1,spdx,
oldap-2.1,Open LDAP Public License v2.1,,,all,https://spdx.org/licenses/OLDAP-2.1,spdx,
oldap-2.2,Open LDAP Public License v2.2,,,all,https://spdx.org/licenses/OLDAP-2.2,spdx,
oldap-2.2.1,Open LDAP Public License v2.2.1,,,all,https://spdx.org/licenses/OLDAP-2.2.1,spdx,
oldap-2.2.2,Open LDAP Public License 2.2.2,,,all,https://spdx.org/licenses/OLDAP-2.2.2,spdx,
oldap-2.3,Open LDAP Public License v2.3,,,all,https://spdx.org/licenses/OLDAP-2.3,spdx,
oldap-2.4,Open LDAP Public License v2.4,,,all,https://spdx.org/licenses/OLDAP-2.4,spdx,
oldap-2.5,Open LDAP Public License v2.5,,,all,https://spdx.org/licenses/OLDAP-2.5,spdx,
oldap-2.6,Open LDAP Public License v2.6,,,all,https://spdx.org/licenses/OLDAP-2.6,spdx,
oldap-2.7,Open LDAP Public License v2.7,,,all,https://spdx.org/licenses/OLDAP-2.7,spdx,
oldap-2.8,Open LDAP Public License v2.8,,,all,https://opensource.org/license/oldap-2-8,spdx,y
oml,Open Market License,,,all,https://spdx.org/licenses/OML,spdx,
opl-1.0,Open Public License v1.0,,,all,https://spdx.org/licenses/OPL-1.0,spdx,
oset-pl-2.1,OSET Public License version 2.1,,,all,https://opensource.org/license/opl-2-1,spdx,y
osl-1.0,Open Software License 1.0,,,"all,software",https://opensource.org/license/osl-1-0,spdx,y
osl-1.1,Open Software License 1.1,,,"all,software",https://spdx.org/licenses/OSL-1.1,spdx,
osl-2.0,Open Software License 2.0,,,"all,software",https://spdx.org/licenses/OSL-2.0,spdx,y
osl-2.1,Open Software License 2.1,,,"all,software",https://opensource.org/license/osl-2-1,spdx,y
osl-3.0,Open Software License 3.0,,,"all,software",https://opensource.org/license/osl-3-0-php,spdx,y
openssl,OpenSSL License,,,all,https://spdx.org/licenses/OpenSSL,spdx,
pddl-1.0,ODC Public Domain Dedication & License 1.0,,,"all,data",https://spdx.org/licenses/PDDL-1.0,spdx,
php-3.0,PHP License v3.0,,,"all,software",https://opensource.org/license/php-3-0,spdx,y
php-3.01,PHP License v3.01,,,"all,software",https://opensource.org/license/php-3-01,spdx,y
psf-2.0,Python Software Foundation License 2.0,,,"all,software",https://spdx.org/licenses/PSF-2.0,spdx,
parity-6.0.0,The Parity Public License 6.0.0,,,all,https://spdx.org/licenses/Parity-6.0.0,spdx,
parity-7.0.0,The Parity Public License 7.0.0,,,all,https://spdx.org/licenses/Parity-7.0.0,spdx,
plexus,Plexus Classworlds License,,,all,https://spdx.org/licenses/Plexus,spdx,
polyform-noncommercial-1.0.0,PolyForm Noncommercial License 1.0.0,,,all,https://spdx.org/licenses/PolyForm-Noncommercial-1.0.0,spdx,
polyform-small-business-1.0.0,PolyForm Small Business License 1.0.0,,,all,https://spdx.org/licenses/PolyForm-Small-Business-1.0.0,spdx,
postgresql,PostgreSQL License,,,"all,software",https://opensource.org/license/postgresql,spdx,y
python-2.0,Python License 2.0,,,"all,software",https://opensource.org/license/python-2.0,spdx,y
qpl-1.0,Q Public License 1.0,,,"all,software",https://opensource.org/license/qpl-1-0,spdx,y
qhull,Qhull License,,,all,https://spdx.org/licenses/Qhull,spdx,
rhecos-1.1,Red Hat eCos Public License v1.1,,,all,https://spdx.org/licenses/RHeCos-1.1,spdx,
rpl-1.1,Reciprocal Public License 1.1,,,"all,software",https://opensource.org/license/rpl-1-1,spdx,y
rpl-1.5,Reciprocal Public License 1.5,,,"all,software",https://opensource.org/license/rpl-1-5,spdx,y
rpsl-1.0,RealNetworks Public Source License v1.0,,,"all,software",https://opensource.org/license/real-php,spdx,y
rsa-md,RSA Message-Digest License,,,all,https://spdx.org/licenses/RSA-MD,spdx,
rscpl,Ricoh Source Code Public License,,,"all,software",https://opensource.org/license/ricohpl-php,spdx,y
rdisc,Rdisc License,,,all,https://spdx.org/licenses/Rdisc,spdx,
ruby,Ruby License,,,all,https://spdx.org/licenses/Ruby,spdx,
sax-pd,Sax Public Domain Notice,,,all,https://spdx.org/licenses/SAX-PD,spdx,
scea,SCEA Shared Source License,,,all,https://spdx.org/licenses/SCEA,spdx,
sgi-b-1.0,SGI Free Software License B v1.0,,,all,https://spdx.org/licenses/SGI-B-1.0,spdx,
sgi-b-1.1,SGI Free Software License B v1.1,,,all,https://spdx.org/licenses/SGI-B-1.1,spdx,
sgi-b-2.0,SGI Free Software License B v2.0,,,all,https://spdx.org/licenses/SGI-B-2.0,spdx,
shl-0.5,Solderpad Hardware License v0.5,,,all,https://spdx.org/licenses/SHL-0.5,spdx,
shl-0.51,"Solderpad Hardware License, Version 0.51",,,all,https://spdx.org/licenses/SHL-0.51,spdx,
sissl,Sun Industry Standards Source License v1.1,,,"all,software",https://opensource.org/license/sissl,spdx,y
sissl-1.2,Sun Industry Standards Source License v1.2,,,"all,software",https://spdx.org/licenses/SISSL-1.2,spdx,
smlnj,Standard ML of New Jersey License,,,all,https://spdx.org/licenses/SMLNJ,spdx,
smppl,Secure Messaging Protocol Public License,,,all,https://spdx.org/licenses/SMPPL,spdx,
snia,SNIA Public License 1.1,,,all,https://spdx.org/licenses/SNIA,spdx,
spl-1.0,Sun Public License v1.0,,,"all,software",https://opensource.org/license/sunpublic-php,spdx,y
ssh-openssh,SSH OpenSSH license,,,all,https://spdx.org/licenses/SSH-OpenSSH,spdx,
ssh-short,SSH short notice,,,all,https://spdx.org/licenses/SSH-short,spdx,
sspl-1.0,"Server Side Public License, v 1",,,all,https://spdx.org/licenses/SSPL-1.0,spdx,
swl,Scheme Widget Library (SWL) Software License Agreement,,,all,https://spdx.org/licenses/SWL,spdx,
saxpath,Saxpath License,,,all,https://spdx.org/licenses/Saxpath,spdx,
sendmail,Sendmail License,,,all,https://spdx.org/licenses/Sendmail,spdx,
sendmail-8.23,Sendmail License 8.23,,,all,https://spdx.org/licenses/Sendmail-8.23,spdx,
simpl-2.0,Simple Public License 2.0,,,"all,software",https://opensource.org/license/simpl-2-0-html,spdx,y
sleepycat,Sleepycat License,,,"all,software",https://opensource.org/license/sleepycat-php,spdx,y
spencer-86,Spencer License 86,,,all,https://spdx.org/licenses/Spencer-86,spdx,
spencer-94,Spencer License 94,,,all,https://spdx.org/licenses/Spencer-94,spdx,
spencer-99,Spencer License 99,,,all,https://spdx.org/licenses/Spencer-99,spdx,
sugarcrm-1.1.3,SugarCRM Public License v1.1.3,,,all,https://spdx.org/licenses/SugarCRM-1.1.3,spdx,
tapr-ohl-1.0,TAPR Open Hardware License v1.0,,,all,https://spdx.org/licenses/TAPR-OHL-1.0,spdx,
tcl,TCL/TK License,,,all,https://spdx.org/licenses/TCL,spdx,
tcp-wrappers,TCP Wrappers License,,,all,https://spdx.org/licenses/TCP-wrappers,spdx,
tmate,TMate Open Source License,,,all,https://spdx.org/licenses/TMate,spdx,
torque-1.1,TORQUE v2.5+ Software License v1.1,,,all,https://spdx.org/licenses/TORQUE-1.1,spdx,
tosl,Trusster Open Source License,,,all,https://spdx.org/licenses/TOSL,spdx,
tu-berlin-1.0,Technische Universitaet Berlin License 1.0,,,all,https://spdx.org/licenses/TU-Berlin-1.0,spdx,
tu-berlin-2.0,Technische Universitaet Berlin License 2.0,,,all,https://spdx.org/licenses/TU-Berlin-2.0,spdx,
ucl-1.0,Upstream Compatibility License v1.0,,,all,https://opensource.org/license/ucl-1-0,spdx,y
upl-1.0,Universal Permissive License v1.0,,,all,https://opensource.org/license/upl,spdx,y
unicode-dfs-2015,Unicode License Agreement - Data Files and Software (2015),,,all,https://spdx.org/licenses/Unicode-DFS-2015,spdx,
unicode-dfs-2016,Unicode License Agreement - Data Files and Software (2016),,,all,https://opensource.org/license/unicode-inc-license-agreement-data-files-and-software,spdx,y
unicode-tou,Unicode Terms of Use,,,all,https://spdx.org/licenses/Unicode-TOU,spdx,
unlicense,The Unlicense,,,all,https://opensource.org/license/unlicense,spdx,y
vostrom,VOSTROM Public License for Open Source,,,all,https://spdx.org/licenses/VOSTROM,spdx,
vsl-1.0,Vovida Software License v1.0,,,"all,software",https://opensource.org/license/vovidapl-php,spdx,y
vim,Vim License,,,all,https://spdx.org/licenses/Vim,spdx,
w3c,W3C Software Notice and License (2002-12-31),,,"all,software",https://opensource.org/license/w3c,spdx,y
w3c-19980720,W3C Software Notice and License (1998-07-20),,,"all,software",https://spdx.org/licenses/W3C-19980720,spdx,
w3c-20150513,W3C Software Notice and Document License (2015-05-13),,,"all,software",https://spdx.org/licenses/W3C-20150513,spdx,
wtfpl,Do What The F*ck You Want To Public License,,,all,https://spdx.org/licenses/WTFPL,spdx,
watcom-1.0,Sybase Open Watcom Public License 1.0,,,"all,software",https://opensource.org/license/sybase-php,spdx,y
wsuipa,Wsuipa License,,,all,https://spdx.org/licenses/Wsuipa,spdx,
x11,X11 License,,,all,https://spdx.org/licenses/X11,spdx,
xfree86-1.1,XFree86 License 1.1,,,all,https://spdx.org/licenses/XFree86-1.1,spdx,
xskat,XSkat License,,,all,https://spdx.org/licenses/XSkat,spdx,
xerox,Xerox License,,,all,https://spdx.org/licenses/Xerox,spdx,
xnet,X.Net License,,,"all,software",https://opensource.org/license/xnet,spdx,y
ypl-1.0,Yahoo! Public License v1.0,,,all,https://spdx.org/licenses/YPL-1.0,spdx,
ypl-1.1,Yahoo! Public License v1.1,,,all,https://spdx.org/licenses/YPL-1.1,spdx,
zpl-1.1,Zope Public License 1.1,,,"all,software",https://spdx.org/licenses/ZPL-1.1,spdx,
zpl-2.0,Zope Public License 2.0,,,"all,software",https://opensource.org/license/zpl-2-0,spdx,y
zpl-2.1,Zope Public License 2.1,,,"all,software",https://opensource.org/license/zpl-2-1,spdx,y
zed,Zed License,,,all,https://spdx.org/licenses/Zed,spdx,
zend-2.0,Zend License v2.0,,,all,https://spdx.org/licenses/Zend-2.0,spdx,
zimbra-1.3,Zimbra Public License v1.3,,,all,https://spdx.org/licenses/Zimbra-1.3,spdx,
zimbra-1.4,Zimbra Public License v1.4,,,all,https://spdx.org/licenses/Zimbra-1.4,spdx,
zlib,zlib License,,,"all,software",https://opensource.org/license/zlib,spdx,y
blessing,SQLite Blessing,,,all,https://spdx.org/licenses/blessing,spdx,
bzip2-1.0.5,bzip2 and libbzip2 License v1.0.5,,,all,https://spdx.org/licenses/bzip2-1.0.5,spdx,
bzip2-1.0.6,bzip2 and libbzip2 License v1.0.6,,,all,https://spdx.org/licenses/bzip2-1.0.6,spdx,
copyleft-next-0.3.0,copyleft-next 0.3.0,,,all,https://spdx.org/licenses/copyleft-next-0.3.0,spdx,
copyleft-next-0.3.1,copyleft-next 0.3.1,,,all,https://spdx.org/licenses/copyleft-next-0.3.1,spdx,
curl,curl License,,,all,https://spdx.org/licenses/curl,spdx,
diffmark,diffmark license,,,all,https://spdx.org/licenses/diffmark,spdx,
dvipdfm,dvipdfm License,,,all,https://spdx.org/licenses/dvipdfm,spdx,
egenix,eGenix.com Public License 1.1.0,,,all,https://spdx.org/licenses/eGenix,spdx,
etalab-2.0,Etalab Open License 2.0,,,"all,data",https://spdx.org/licenses/etalab-2.0,spdx,
gsoap-1.3b,gSOAP Public License v1.3b,,,all,https://spdx.org/licenses/gSOAP-1.3b,spdx,
gnuplot,gnuplot License,,,all,https://spdx.org/licenses/gnuplot,spdx,
imatix,iMatix Standard Function Library Agreement,,,all,https://spdx.org/licenses/iMatix,spdx,
libpng-2.0,PNG Reference Library version 2,,,"all,software",https://spdx.org/licenses/libpng-2.0,spdx,
libselinux-1.0,libselinux public domain notice,,,all,https://spdx.org/licenses/libselinux-1.0,spdx,
libtiff,libtiff License,,,all,https://spdx.org/licenses/libtiff,spdx,
mpich2,mpich2 License,,,all,https://spdx.org/licenses/mpich2,spdx,
psfrag,psfrag License,,,all,https://spdx.org/licenses/psfrag,spdx,
psutils,psutils License,,,all,https://spdx.org/licenses/psutils,spdx,
xinetd,xinetd License,,,all,https://spdx.org/licenses/xinetd,spdx,
xpp,XPP License,,,all,https://spdx.org/licenses/xpp,spdx,
zlib-acknowledgement,zlib/libpng License with Acknowledgement,,,"all,software",https://spdx.org/licenses/zlib-acknowledgement,spdx,
